{
    "174": 1.028116422140778,
    "116": 1.0286919655988294,
    "58": 1.0702606282921545,
    "34": 1.070675151557521,
    "23": 1.071179842746802,
    "11": 1.071999590998789,
    "4": 1.111342538783108,
    "2": 1.1239451827628981
}