{
    "30": 1.0967149095107427,
    "20": 1.098400511695424,
    "10": 1.098573252911478,
    "6": 1.098573252911478,
    "4": 1.1181575590602586,
    "2": 1.1408013285303205
}