{
    "31": 1.0041052353678201,
    "21": 1.0041052353678201,
    "10": 1.0041052353678201,
    "6": 1.0041052353678204,
    "4": 1.0041052353678201,
    "2": 1.0041074824527674
}