{
    "48": 1.002635320032211,
    "32": 1.0026353200322111,
    "16": 1.0026357829036978,
    "9": 1.0026357829036978,
    "6": 1.0026357829036978,
    "3": 1.0026357829036978
}