{
    "184": 1.0000000000000004,
    "123": 0.9999999999999998,
    "61": 0.9999999999999994,
    "36": 1.0260095348534803,
    "24": 1.0272177863398637,
    "12": 1.0272177863398637,
    "4": 1.0890037080492592,
    "2": 1.1694230564907901
}