{
    "61": 0.9999999999999994,
    "41": 1.0723734877470632,
    "20": 1.0723734877470634,
    "12": 1.0723734877470634,
    "8": 1.086977115717592,
    "4": 1.1537242237781051
}